,Unnamed: 0,Crop,QueryType,QueryText,KCCAns,query
0,0,Potato,"	Plant Protection	",blight in potato,spray ridomil 2gm/litre water,blight in potato
1,1,Brinjal,"	Plant Protection	",weed problem,hand weeding,weed problem
2,2,Wheat,"	Plant Protection	",YELLOWING LEAF IN WHEAT,SPRAY UREA @ 3 GM + ZINCSULPHATE @ 1 ML / LIT OF WATER,yellowing leaf in wheat
3,3,Wheat,"	Plant Protection	",Farm machinery on govt. subsidy,Farm machinery on govt. subsidy - login to www.krishi.bih.nic.in,farm machinery on govt. subsidy
5,5,Wheat,"	Plant Protection	",Delay in growth,Spray boomflower @ 2 ml / lt of water,delay in growth
7,7,Others,"	Plant Protection	",For USSD service,For USSD service Dial *491*103#,for ussd service
9,9,Wheat,"	Plant Protection	",U.S.S.D SEVA ACTIVATION-*491*103#,U.S.S.D SEVA ACTIVATION-*491*103#,u.s.s.d seva activation-*491*103#
10,10,Mango,"	Plant Protection	",Insect attack on Mango trees,Spray Neem Oil @ 2ml/ liter of water,insect attack on mango trees
11,11,Lentil (Masur),"	Plant Protection	",DELAY IN GROWTH,SPRAY BOOMFLOWER 2 ML/LITRE OF WATER,delay in growth
12,12,Wheat,"	Plant Protection	",For USSD service activation,For USSD service activation please dial *491*103#,for ussd service activation
13,13,Tomato,"	Plant Protection	",Growth Delay,Spray boomflower @ 2 ml in 1 litre of water,growth delay
14,14,Wheat,"	Plant Protection	",Yellowing of wheat,Spray mancozeb @ 2g/lit of water,yellowing of wheat
16,16,Wheat,"	Plant Protection	",HOW I DO SEED TREATMENT,HOW I DO SEED TREATMENT?SEED TREATED WITH CAPTON/THIRUM @ 2 GM./ KG. SEED.,how i do seed treatment
17,17,Potato,"	Plant Protection	",POATATO GROWTH,APPLY MULTIVITAMINS,poatato growth
,,,,,,
21,21,Paddy (Dhan),"	Plant Protection	",Ussd scheme,For ussd dial *491*103#,ussd scheme
22,22,Mango,"	Plant Protection	",Insect infestation,Spray Quinalphos 25 % EC @ 2 ml in 1 litre of water,insect infestation
23,23,Maize (Makka),"	Plant Protection	",Apply NPK fertilizers,•Apply NPK fertilizers as per soil test recommendation as far as possible. If soil test recommendation is not available adopt a blanket recommendation of 135:62.5:50 NPK kg/ha  ZnSO4 at 37.5 kg/ha.,apply npk fertilizers
24,24,Wheat,"	Plant Protection	",YELLOWING OF LEAF IN WHEAT,SPRAY ZINCSULPHATE @ 1 ML + UREA @ 3 GM / LIT OF WATER,yellowing of leaf in wheat
25,25,Mango,"	Plant Protection	",stem borer,carbofuran 3G 5 g per hole and plug with mud or One celphos tablet (3 g aluminum phosphide) per hole,stem borer
26,26,Potato,"	Plant Protection	",Insect attack on Potato,Spray imidachloprid @ 1ml/3 lit of water,insect attack on potato
27,27,Banana,"	Plant Protection	",Yellowing of leaves,Spray copper oxychloride @ 2 gram in 1 litter of water,yellowing of leaves
28,28,Others,"	Plant Protection	",Variety of bhindi,Variety of bhindi- arka abhay  arka anamika  bersha uphar  okra-4,variety of bhindi
29,29,Others,"	Plant Protection	",irrigation,go for irrigation,irrigation
30,30,Others,"	Plant Protection	",Farmers’ registration,Farmers’ registration – www.krishimis.in,farmers’ registration
31,31,Others,"	Plant Protection	",About USSD Service,About USSD Service *491*103#,about ussd service
33,33,Potato,"	Plant Protection	",jhulsa in potato,mencozeb 2gm/1lit water,jhulsa in potato
34,34,Others,"	Plant Protection	","•	USSD seva","•	USSD seva : dial *491*103# to activate","•	ussd seva"
35,35,Aonla,"	Plant Protection	",growth problem,spray multimicronutrient 2ml/littre of water,growth problem
36,36,Wheat,"	Plant Protection	",weed managment,spray 2 4-D SODIUM SALT  2KG/HECTRE,weed managment
37,37,Wheat,"	Plant Protection	",YELLOW LEAF,SPRAY MANCOZEB 2GM/LITRE WATER,yellow leaf
38,38,Lentil (Masur),"	Plant Protection	",Insect attack on Lentil,Spray cloropyriphos @ 2 ml in 1 litre of water,insect attack on lentil
39,39,Mango,"	Plant Protection	",Insect attack on Mango,Spray cloropyriphos @ 2 ml in 1 litre of water,insect attack on mango
40,40,Chillies,"	Plant Protection	",FRUIT SHADING,Spray Planofix 1ml in 5 lit of water.,fruit shading
41,41,Mustard,"	Plant Protection	",aphid problem,spray imidachlorprid @ 1 ml/3 lt of water,aphid problem
43,43,Wheat,"	Plant Protection	",For USSD service activation please dial  *491*103#,For USSD service activation please dial  *491*103#,for ussd service activation please dial  *491*103#
44,44,Wheat,"	Plant Protection	",For USSD service activation please dial  *491*103#,For USSD service activation please dial  *491*103#,for ussd service activation please dial  *491*103#
45,45,Bitter Gourd,"	Plant Protection	",Best variety of bitter guard,Best variety of bitter guard- pusa does mausami  pusa vesesh,best variety of bitter guard
46,46,Wheat,"	Plant Protection	",Insect infestation,?????????????? 1 ???? ????? 3 ???? ???? ?? ?????? ?????? ???,insect infestation
47,47,Garlic,"	Plant Protection	",Fungal attack on Garlic,SPRAY COPPER OXY CHLORIDE 2 GRAM/LITRE OF WATER,fungal attack on garlic
48,48,Cauliflower,"	Plant Protection	",Insect infestation,Spray malathion @ 2 gram in 1 litre of water,insect infestation
49,49,Lentil (Masur),"	Plant Protection	",Insect infestation,Spray malathion @ 2 gram in 1 litre of water,insect infestation
50,50,Wheat,"	Plant Protection	",cultivation of mentha in motihari distic,for cultivation of mentha in motihari distic contact with nearest kvk,cultivation of mentha in motihari distic
53,53,Wheat,"	Plant Protection	",U.S.S.D SEVA ACTIVATION-*491*103#,U.S.S.D SEVA ACTIVATION-*491*103#,u.s.s.d seva activation-*491*103#
54,54,Wheat,"	Plant Protection	",YELLOWING OF LEAF IN WHEAT,SPRAY COPPEROXYCHOLORIDE @ 2 GM / LIT OF WATER,yellowing of leaf in wheat
55,55,Wheat,"	Plant Protection	",YELLOWING OF LEAF IN WHEAT,SPRAY ZINCSULPHATE @ 1 ML + UREA @ 3 GM / LIT OF WATER,yellowing of leaf in wheat
56,56,Bail,"	Plant Protection	",FLOWER DROPPING,Spray planofix @ 1 ml in 4.5- 5 liter of water,flower dropping
58,58,Others,"	Plant Protection	",About USSD Service,About USSD Service *491*103#,about ussd service
59,59,Mustard,"	Plant Protection	",APHID,Spray imidachloprid @ 1ml/3 lit of water,aphid
61,61,Wheat,"	Plant Protection	",USSD SERVICE DIAL *491*103 #,USSD SERVICE DIAL *491*103 #,ussd service dial *491*103 #
62,62,Mango,"	Plant Protection	",FLOWER DROPPING in mango,FLOWER DROPPING in mango Spray planofix @ 1 ml in 4.5- 5 liter of water,flower dropping in mango
63,63,Mango,"	Plant Protection	",Insect problem in mango,Spray carbaril @ 2 gram in 1 litter of water.,insect problem in mango
64,64,Wheat,"	Plant Protection	",LEAF RUST,SPRAY PROPICONAZOLE 2GM/LITRE WATER,leaf rust
65,65,Mustard,"	Plant Protection	",Insect infestation,Spray imidachloprid @ 1ml/3lit of water,insect infestation
66,66,Mango,"	Plant Protection	",Growth Delay,Spray boomflower @ 2 ml in 1 litre of water,growth delay
67,67,Wheat,"	Plant Protection	",yellowing leaf of wheat crop,spray mencozeb @2 gram/litr of water,yellowing leaf of wheat crop
68,68,Wheat,"	Plant Protection	",yellowing leaf of wheat crop,spray mencozeb @2 gram/litr of water,yellowing leaf of wheat crop
69,69,Mustard,"	Plant Protection	",Insect infestation,Spray imidachloprid @ 1ml/3lit of water,insect infestation
70,70,Tomato,"	Plant Protection	",VIRAL DISEASE,SPRAY CHLORPYRIPHOS @ 2 ML/LT OF WATER,viral disease
71,71,Wheat,"	Plant Protection	",FRUIT BORER IN TOMATO,SPRAY ROGOR 2ML/LIT OF WATER,fruit borer in tomato
72,72,Chillies,"	Plant Protection	",LEAF CURL IN CHILIES,SPRAY IMIDACHLOROPID 1ML/3LIT OF WATER FOR CHILIES,leaf curl in chilies
73,73,Brinjal,"	Plant Protection	",FRUIT BORER IN BRINJAL,SPRAY IMDIAHCLORPID 1ML/3LIT OF WATER FOR BRINJAL,fruit borer in brinjal
75,75,Wheat,"	Plant Protection	",Yellowing of leaves/fungal problem,Spray copper oxy chloride @ 2 gm in one litter of water,yellowing of leaves/fungal problem
76,76,Others,"	Plant Protection	",Variety of okra,Variety of okra- Pravani  kranti  arka anamika pusa_4 hisar 7,variety of okra
77,77,Others,"	Plant Protection	",Good variety of maize,Good variety of maize- saktiman 1-4  ganga-11  suan  devki- saktiman 1-4  ganga-11  suan  devki,good variety of maize
78,78,Others,"	Plant Protection	",Good variety of maize,Good variety of maize- saktiman 1-4  ganga-11  suan  devki- saktiman 1-4  ganga-11  suan  devki,good variety of maize
79,79,Others,"	Plant Protection	",What should I do for agricultural loan-,You should consult to block   agricultural 0fficer     you should consult to your nearest bank,what should i do for agricultural loan-
80,80,Bitter Gourd,"	Plant Protection	",Variety of bitter guard-,pusa do mausami  pusa vesesh,variety of bitter guard-
81,81,Greater Yam,"	Plant Protection	",Growth Delay,Spray boomflower @ 2 ml in 1 litre of water,growth delay
82,82,Lentil (Masur),"	Plant Protection	",problem in lentil crop,spray daimethoet [30 ec] @1 mili/litr of water,problem in lentil crop
84,84,Wheat,"	Plant Protection	",fungal problem in wheat,sprey of mancozeb@2g/lit water for control of fungal problem in wheat,fungal problem in wheat
85,85,Wheat,"	Plant Protection	",For USSD service activation please dial,For USSD service activation please dial  *491*103#,for ussd service activation please dial
87,87,Pigeon pea (red gram/arhar/tur),"	Plant Protection	",pod borer in arhar,Spray quinolphos @ 2 ml in one litre of water,pod borer in arhar
88,88,Maize (Makka),"	Plant Protection	",stem borer,spray deltamethrin 2gm/litre of water or furadon 6 to 7 granules/gabbha,stem borer
89,89,Mustard,"	Plant Protection	",Insect attack on Mustard,Spray dimethoate @ 2 ml in 1 litre of water,insect attack on mustard
90,90,Mango,"	Plant Protection	",Insect problem in Mango,Spray Neem Oil 1500 ppm @ 2ml/ liter of water,insect problem in mango
92,92,Wheat,"	Plant Protection	",weed management in wheat,sprey of 2 4-D@2ml/lit water for weed management in wheat,weed management in wheat
93,93,Wheat,"	Plant Protection	",U.S.S.D SEVA ACTIVATION-,U.S.S.D SEVA ACTIVATION-*491*103#,u.s.s.d seva activation-
95,95,Wheat,"	Plant Protection	",For USSD service activation please dial,For USSD service activation please dial  *491*103#,for ussd service activation please dial
96,96,Lentil (Masur),"	Plant Protection	",about weedicide,nothing can be done,about weedicide
97,97,Wheat,"	Plant Protection	",yellowing of leaves of wheat,sprey of saaf@2g/lit water for control of yellowing of leaves of wheat,yellowing of leaves of wheat
98,98,Mango,"	Plant Protection	",FLOWER DROPING,SPRAY PLANOFIX @ 1 ML/4 LT OF WATER,flower droping
99,99,Others,"	Plant Protection	",RAT PROBLEM,APPLY ZINC PHOSPHIDE @ 2 GM/.250 GM OF FLOAR,rat problem
100,100,Mango,"	Plant Protection	",insectiside,spray Monocrotophos 1.5 ml/lit of water,insectiside
101,101,Pomegranate,"	Plant Protection	",flower dropping problem,SPRAY PLANOFIX 1 ML/4.5LITRE OF WATER,flower dropping problem
102,102,Pomegranate,"	Plant Protection	",Plant growth regulators,Spray Boomflower @ 2 ml in 1 litre of water,plant growth regulators
103,103,Pomegranate,"	Plant Protection	",fruit cracking,spray borex 2ml/lit of water,fruit cracking
104,104,Tomato,"	Plant Protection	",TOMATO STEM ROT,SPRAY COPPER OXYCHLORIDE 2 GRAM/LITRE OF WATER,tomato stem rot
105,105,Others,"	Plant Protection	",weather,cloudy,weather
106,106,Wheat,"	Plant Protection	",about dhanzyme gold,use of dhanzyme gold @ 2 gram per of water,about dhanzyme gold
107,107,Wheat,"	Plant Protection	",Insect in wheat,Spray deltamethlene @0.001g/l water,insect in wheat
108,108,Tomato,"	Plant Protection	",White flies in tomato crop,Spray metasistox @1ml/liter water,white flies in tomato crop
110,110,Pigeon pea (red gram/arhar/tur),"	Plant Protection	",WILT PROBLEM IN LENTIL,USE TRICHODERMA 1KG/100 KG FYM FOR 1 HECTARE,wilt problem in lentil
111,111,Wheat,"	Plant Protection	",yellow leaf of wheat,spray mencozeb @2 gram/litr of water,yellow leaf of wheat
112,112,Indian rapeseed and mustard (yellow sarson),"	Plant Protection	",PEST ATATCK ON SARSO,QUINOLPHOS@1.5ML/LITER PANI ME MILAAKAR UPYOG KARE,pest atatck on sarso
115,115,Wheat,"	Plant Protection	",For ussd dial *491*103#,For ussd dial *491*103#,for ussd dial *491*103#
116,116,Lentil (Masur),"	Plant Protection	",lentil in mesoor,saff 2gm/ 1lit water,lentil in mesoor
117,117,Tomato,"	Plant Protection	",leaf curl of tomato,spray daimethoet [30 ec] 1 mili/litr of water,leaf curl of tomato
118,118,Lentil (Masur),"	Plant Protection	",YELLOWING OF LEAVES,SPRAY COPPER OXY CHLORIDE 2 GRAM/LITRE OF WATER,yellowing of leaves
119,119,Lentil (Masur),"	Plant Protection	",TERMITE,Spray cloropyriphos @ 2 ml in 1 litre of water,termite
121,121,Wheat,"	Plant Protection	",ZINC DEFICIENCY,SPRAY 2.5KG ZINC SULPHATE+1.25 KG LIME+12 KG UREA WITH 500 LIT OF WATER,zinc deficiency
122,122,Wheat,"	Plant Protection	",YELLOWING OF LEAVES,SPRAY BLITOX 50 @ 2GRM/LIT OF WATER,yellowing of leaves
123,123,Lentil (Masur),"	Plant Protection	",aphid attack on mansur,sprey of imidachloropid@1ml/3 lit water for control of aphid attack on mansur,aphid attack on mansur
124,124,Lentil (Masur),"	Plant Protection	",fungal problem in mansur,sprey of saaf@2g/lit watre for control of fungal problem in mansur,fungal problem in mansur
125,125,Indian rapeseed and mustard (yellow sarson),"	Plant Protection	",PEST ATTACK,Spray quinolphos @ 2 ml in 1 litre of water,pest attack
126,126,Wheat,"	Plant Protection	",YELLOWING OF LEAVES,SPRAY COPPER OXY CHLORIDE 2 GRAM/LITRE OF WATER,yellowing of leaves
127,127,Pomegranate,"	Plant Protection	",VARIETIES OF POMEGRANATE,Bhagwa  Ganesh  Phule Arakta  Jodhpur Red  Kandhari  Mridula  Muskat,varieties of pomegranate
128,128,Onion,"	Plant Protection	",INSECT ATTACK ON ONION,spray Methyl demeton 25 EC 1 ml/lit,insect attack on onion
129,129,Wheat,"	Plant Protection	",BETTER GROWYH OF WHEAT,APPLY MULTIMICRONUTRIENT,better growyh of wheat
130,130,Others,"	Plant Protection	",U.S.S.D SEVA ACTIVATION,U.S.S.D SEVA ACTIVATION *491*103#,u.s.s.d seva activation
131,131,Mustard,"	Plant Protection	",Insect problem,Spray Imidachloroprid 1 ml/3lit of water,insect problem
132,132,Bhindi(Okra/Ladysfinger),"	Plant Protection	",FRUIT BORER IN BHINDI,SPRAY ROGOR 2ML/LIT OF WATER,fruit borer in bhindi
133,133,Maize (Makka),"	Plant Protection	",shoot borer,carbofuron or phorate 10g 6 to 7 granules/gabbha,shoot borer
134,134,Mustard,"	Plant Protection	",pest in musterd,spray is not done at time of flowering,pest in musterd
135,135,Mustard,"	Plant Protection	",Insect problem,Spray Imidachloroprid 1 ml/3lit of water,insect problem
136,136,Maize (Makka),"	Plant Protection	",ATTACK OF FUNGUS IN MAIZE,SPRAY COPPEROXYCHOLORIDE @ 2 GM / LIT OF WATER,attack of fungus in maize
137,137,Jack Fruit,"	Plant Protection	",WEATHER,CLOUDY,weather
139,139,Wheat,"	Plant Protection	",USSD SEVA Activation dial-*491*103#,USSD SEVA Activation dial-*491*103#,ussd seva activation dial-*491*103#
140,140,Mustard,"	Plant Protection	",Yellowing of leaves,Spray copper oxychloride @ 2 gram in 1 litter of water,yellowing of leaves
141,141,Wheat,"	Plant Protection	",USSD SEVA Activation dial-*491*103#,USSD SEVA Activation dial-*491*103#,ussd seva activation dial-*491*103#
144,144,Others,"	Plant Protection	",Varities of bhindi,Varities of bhindi - arka anamica  arka abhay   prabhat kranti and okra-4,varities of bhindi
145,145,Wheat,"	Plant Protection	",Good variety of maize,Good variety of maize- saktiman 1-4  ganga-11  suan  devki,good variety of maize
146,146,Mango,"	Plant Protection	",spray in mango plant,Spray Imidachloroprid @ 1 ml./3 lt. of water.,spray in mango plant
147,147,Bengal Gram (Gram/Chick Pea/Kabuli/Chana),"	Plant Protection	",attack in lahi,spray daimethoyet 30 ec @ 1 ml./lt. of wate.,attack in lahi
148,148,Others,"	Plant Protection	",Insect infestation,Spray imidachloprid @ 1ml/3 lit of water,insect infestation
149,149,Others,"	Plant Protection	",growth regulator,Spray boomflower @ 2 ml in 1 litre of water,growth regulator
150,150,Others,"	Plant Protection	",yellowing in wheat,Spray 10 gm urea and 5 gm zinc / lit of water,yellowing in wheat
151,151,Mango,"	Plant Protection	",pest atatck,Spray Quinolphos @ 1 ml in one litter of water,pest atatck
152,152,Brinjal,"	Plant Protection	",Good variety of okra,prabhani kranti  arka abhay  arka anamika  bersa uphar Punjab-7  okra-4,good variety of okra
153,153,Pigeon pea (red gram/arhar/tur),"	Plant Protection	",pode borer in arhar,Spray Quinolphos @ 1 ml in one litter of water,pode borer in arhar
156,156,Banana,"	Plant Protection	",animals problem,use spoiled eggs or tobacco water,animals problem
157,157,Mango,"	Plant Protection	",planting in mango,amraarpali,planting in mango
158,158,Wheat,"	Plant Protection	",Rust attack on Wheat,Spray mancozeb @ 2g/lit of water,rust attack on wheat
159,159,Toria,"	Plant Protection	",aphids infestation,spray chlorpyriphos 1.5ml/litre of water,aphids infestation
160,160,Onion,"	Plant Protection	",ONION ROT,"•	Spray copper oxychloride @ 2g/ litre",onion rot
161,161,Brinjal,"	Plant Protection	",FRUIT BORER IN BRINJAL,SPRAY ROGOR 2ML/LIT OF WATER FOR BRINJAL,fruit borer in brinjal
162,162,Pointed Gourd,"	Plant Protection	",fertilizer,apply 20 gm uria/pits,fertilizer
163,163,Mustard,"	Plant Protection	",Insect attack on Mustard,Spray dimethoate @ 2 ml in 1 litre of water,insect attack on mustard
164,164,Garlic,"	Plant Protection	",Fungal attack on Garlic,SPRAY COPPER OXY CHLORIDE 2 GRAM/LITRE OF WATER,fungal attack on garlic
165,165,Mango,"	Plant Protection	",Insect attack on Mango,Spray Neem Oil 1500 ppm @ 2ml/ liter of water,insect attack on mango
166,166,Mango,"	Plant Protection	",flowering in mango,urea 5gm/1 lit water,flowering in mango
167,167,Wheat,"	Plant Protection	",To activate USSD service,To activate USSD service dial - *491*103#,to activate ussd service
168,168,Bottle Gourd ,"	Plant Protection	",VARIETIES OF BOTTLEGOURD,VARIETIES ARE RAJENDRA CHAMTKAR PUSA SAMAR PROLOFIC LONG MEGHDOOT,varieties of bottlegourd
169,169,Mango,"	Plant Protection	",INSECT PROBLEM IN MANGO,SPRAY IMIDACHLORPID 1ML/3LIT FOR WATER,insect problem in mango
170,170,Mango,"	Plant Protection	",Insect infestation,Spray imidachloprid @ 1ml/3 lit of water,insect infestation
171,171,Mango,"	Plant Protection	",FUNGISIDE,Spray mancozeb @ 2g/lit of water,fungiside
172,172,Others,"	Plant Protection	",flower dropping problem in mango,SPRAY PLANOFIX 1 ML/4.5LITRE OF WATER,flower dropping problem in mango
173,173,Bhindi(Okra/Ladysfinger),"	Plant Protection	",YELLOWING VEIN MOSAIC,SPRAY IMIDACHLOROPID 1ML/3LIT OF WATER,yellowing vein mosaic
174,174,Mango,"	Plant Protection	",pretreatment of mango bud,spray copper oxy chloride 2gm/litre water,pretreatment of mango bud
175,175,Paddy (Dhan),"	Plant Protection	",WEATHER,NO RAIN,weather
176,176,Mango,"	Plant Protection	",LAHI IN MANGO,METASISTOX 2ML/1LIT WATER,lahi in mango
177,177,Pigeon pea (red gram/arhar/tur),"	Plant Protection	",pode borer in arhar,Spray Quinolphos @ 1 ml in one litter of water,pode borer in arhar
178,178,Mango,"	Plant Protection	",Flower dropping in mango,Spray planophix 1 ml/ 5 lit of water,flower dropping in mango
179,179,Mango,"	Plant Protection	",protection in mango flower,neem oil 2ml in 1 lit water,protection in mango flower
180,180,Mango,"	Plant Protection	",PLANT PROTECTION,SPRAY KAREN PLANOFIX @ 1ML/3LT WATER,plant protection
181,181,Onion,"	Plant Protection	",WEED MANAGEMENT IN ONION,SPRAY KAREN STOMP @ 2ML/LT,weed management in onion
182,182,Pomegranate,"	Plant Protection	",INSECT ATTACK IN POMOGRANATE,CHLOROPYROPHOS @ 2ML/LT,insect attack in pomogranate
183,183,Litchi,"	Plant Protection	",FRUIT SHADING   in litchi,Spray planofix 1ml in 5 lit of water.,fruit shading   in litchi
184,184,Chillies,"	Plant Protection	",Yellowing of leaves /Rotting problem,Spray multi micro nutrients @ 2 ml in 1 liter of water,yellowing of leaves /rotting problem
185,185,Litchi,"	Plant Protection	",Insect infestation,Spray Imidachloprid @ 1ml/3 lit of water,insect infestation
186,186,Litchi,"	Plant Protection	",FUNGAL EFFECT,Spray Mancozeb @ 2g/lit of water,fungal effect
187,187,Lentil (Masur),"	Plant Protection	",ATTACK OF POD BORER IN LENTIL,SPRAY IMIDACHOLOROPYRID @ 1 ML / 3 LIT OF WATER,attack of pod borer in lentil
188,188,Lentil (Masur),"	Plant Protection	",aphid,Spray Imidachloprid @ 1ml/3 lit of water,aphid
189,189,Others,"	Plant Protection	",WEATHER,NO RAIN,weather
190,190,Chapan Kaddu,"	Plant Protection	",LEAF CURL IN CHILIES,SPRAY IMDIACHLOROPID 1ML/3LIT OF WATER,leaf curl in chilies
191,191,Mango,"	Plant Protection	",spray in mango,omite 2ml/ 1lit water,spray in mango
192,192,Pigeon pea (red gram/arhar/tur),"	Plant Protection	",flower dropping in pigeon pea,spray planofix @1mili/4 litr of water,flower dropping in pigeon pea
193,193,Mango,"	Plant Protection	",mango protection,spray copper oxy chloride @ 2gm/lt,mango protection
194,194,Sugarcane (Noble Cane),"	Plant Protection	",activate USSD service dial -,To activate USSD service dial - *491*103#,activate ussd service dial -
195,195,Mango,"	Plant Protection	",FOR PROPER GROWTH OF MANGO,PLANOFIX@1ML/5LITER PANI ME MILAAKAR UPYOG KARE,for proper growth of mango
196,196,Chillies,"	Plant Protection	",Leaf curl disease in chili,Spray carbaril @ 2 gram in 1 litter of water.,leaf curl disease in chili
197,197,Pigeon pea (red gram/arhar/tur),"	Plant Protection	",pode borer in arhar,Spray Quinolphos @ 1 ml in one litter of water,pode borer in arhar
198,198,Mango,"	Plant Protection	",Insect attack on Mango,Spray Neem Oil 1500 ppm @ 2ml/ liter of water,insect attack on mango
199,199,Bottle Gourd ,"	Plant Protection	",pode borer,Spray quinalphos@ 1 ml in 1 litre of water,pode borer
200,200,Onion,"	Plant Protection	",elements for healthy plant growth,DHANZYME GOLD contains essential elements for healthy plant growth.g. Oxygens  Cytokinin  Hydrolysed protein complexes  Enzymes  Gibrelin  Amino-acids and many other minerals which enhance the crop yields as well as its quantity.,elements for healthy plant growth
201,201,Wheat,"	Plant Protection	",not grain formation,please wait your call tranfer to veterinary expert,not grain formation
202,202,Mango,"	Plant Protection	",Growth Delay,Spray boomflower @ 2 ml in 1 litre of water,growth delay
203,203,Mango,"	Plant Protection	",ATTACK OF MADHUA DISEASE IN MANGO,SPRAY IMIDACHOLOROPYRID @ 1 ML / 3 LIT OF WATER,attack of madhua disease in mango
204,204,Cauliflower,"	Plant Protection	",ATTACK OF APHID,SPRAY CHLOROPYRIPHOS 1ML/LITRE WATER,attack of aphid
205,205,Paddy (Dhan),"	Plant Protection	",PLANT PROTECTION,DIMETHOATE @ 2ML/LT,plant protection
206,206,Mango,"	Plant Protection	",MANGO,COPPER OXY CHLORIDE @ 2ML/LT,mango
207,207,Mango,"	Plant Protection	",INSECT PROBLEM IN MANGO,SPRAY IMIDACHLOROPID 1ML/3LIT OF WATER FOR MANGO,insect problem in mango
208,208,Brinjal,"	Plant Protection	",Delay in growth,Spray boomflower @ 2 ml / lt of water,delay in growth
209,209,Mango,"	Plant Protection	",flowering problem,spray boomflower 2ml/litre of water,flowering problem
210,210,Mango,"	Plant Protection	",ATTACK OF INSECT IN MANGO,SPRAY IMIDACHOLOROPYRID @ 1 ML / 3 LIT OF WATER,attack of insect in mango
211,211,Rajmash Bean,"	Plant Protection	",Lahi in Rajma,Spray imidachloprid @ 1ml/3lit of water,lahi in rajma
212,212,Cauliflower,"	Plant Protection	",APHID,Spray imidachloprid @ 1ml/3 lit of water,aphid
213,213,Mango,"	Plant Protection	",INSECT PROBLEM,SPRAY CHLORPYRIPHOS @ 2 ML/LT OF WATER,insect problem
214,214,Mango,"	Plant Protection	",Plant protection of Mango,Spray methyl demeton or dimethoate+ carbendazim @ 1 ml in one litter of water on Mango tree.,plant protection of mango
215,215,Mango,"	Plant Protection	",Plant protection of Mango,Spray methyl demeton or dimethoate + carbendazim @ 1 ml in one litter of water on Mango tree.,plant protection of mango
216,216,Mango,"	Plant Protection	",ATTACK OF MADHUA IN MANGO,SPRAY MANCOZIB @ 2 GM / LIT OF WATER,attack of madhua in mango
217,217,Mango,"	Plant Protection	",INSECT ATTACK ON MANGO,SPRAY APPLY THIMATE 2-5 GRANULES PER PLANT,insect attack on mango
218,218,Mango,"	Plant Protection	",FLOWER DROP IN MANGO,SPRAY CARBENDAZIM 2 GRAM/LITRE OF WATER,flower drop in mango
219,219,Litchi,"	Plant Protection	",LITCHI FLOWER DROP,Spray planofix 1ml in 5 lit of water.,litchi flower drop
220,220,Mango,"	Plant Protection	",Fungicide,Spray mancozeb @ 2g/lit of water,fungicide
221,221,Mango,"	Plant Protection	",flower dropping problem in mango,SPRAY PLANOFIX 1 ML/4.5LITRE OF WATER,flower dropping problem in mango
222,222,Mango,"	Plant Protection	",Insect infestation,Spray imidachloprid @ 1ml/3 lit of water,insect infestation
223,223,Wheat,"	Plant Protection	",YELLOWING COLOR OF WHEAT,SPRAY CARBENDAZIME 2.5GM/LIT OF WATER FOR WHEAT,yellowing color of wheat
224,224,Mango,"	Plant Protection	",FLOWER DROOPING IN MANGO,PLANOFIX@1ML/5 LITER PSNI ME MILAAKAR UPYOG KARE,flower drooping in mango
225,225,Wheat,"	Plant Protection	",YELLOWING COLOR OF WHEAT,SPRAY CARBENDAZIME 2.5GM/LIT OF WATER,yellowing color of wheat
226,6,Potato,"	Plant Protection	",CURLING OF LEAF IN POTATO,SPRAY METHYL DIMETON @ 2ML / LIT OF WATER,curling of leaf in potato
227,7,Wheat,"	Plant Protection	",Fungal problem / Yellowing of leaves,???? ????????????? 2 ????? ????? ???? ???? ??? ?????? ?????? ??? ?,fungal problem / yellowing of leaves
228,8,Tobacco,"	Plant Protection	",whitish appear in tobacco,spray carbendazim 2gm/litre water,whitish appear in tobacco
229,11,Mango,"	Plant Protection	",Fruit shading,Spray planofix 1 ml in 4.5- 5 liter of water,fruit shading
230,12,Wheat,"	Plant Protection	",rat problem,apply zinc phosphide @ 2 gm/0.25 kg floor,rat problem
231,14,Potato,"	Plant Protection	",Yellowing of leaf / Rotting problem,Spray copper oxycloride @ 2 gram in 1 litter of water,yellowing of leaf / rotting problem
232,15,Brinjal,"	Plant Protection	",Insect problem,Spray methyl demeton or dimethoate @ 1 ml in one litter of water,insect problem
233,16,Mango,"	Plant Protection	",FRUIT SHADING,Spray planofix 1ml in 5 lit of water.,fruit shading
234,19,Mango,"	Plant Protection	",better flowering in mango,sprey of boomflowering@2ml/lit water for better flowering in mango,better flowering in mango
235,20,Bhindi(Okra/Ladysfinger),"	Plant Protection	",Insect problem,Spray methyl demeton or dimethoate @ 1 ml in one litter of water,insect problem
236,21,Bhindi(Okra/Ladysfinger),"	Plant Protection	",Yellowing of leaf / Rotting problem,Spray copper oxycloride @ 2 gram in 1 litter of water,yellowing of leaf / rotting problem
237,23,Bhindi(Okra/Ladysfinger),"	Plant Protection	",fungus problem,Spray mencozeb @ 2g/lit of water,fungus problem
238,24,Others,"	Plant Protection	",Flower dropping,Spray planofix 1 ml/ 5 lit of water aloe the,flower dropping
240,30,Toria,"	Plant Protection	",attack lahi in tori,spray monocrotophas @ 750 ml./hect.,attack lahi in tori
241,33,Potato,"	Plant Protection	",`Weed problem in potato,Spray Gramaxone @ 2.5 lit/ha in 500 lit of water as post – emergence,`weed problem in potato
242,36,Wheat,"	Plant Protection	",U.S.S.D SEVA ACTIVATION-*491*103#,U.S.S.D SEVA ACTIVATION-*491*103#,u.s.s.d seva activation-*491*103#
243,40,Potato,"	Plant Protection	",`Weed problem in potato,Spray Gramaxone @ 2.5 lit/ha in 500 lit of water as post – emergence.,`weed problem in potato
245,44,Onion,"	Plant Protection	",JHULSA IN ONION,MENCOZEB 2GM/1LIT WATER,jhulsa in onion
246,45,Mango,"	Plant Protection	",weather,cloudy,weather
247,48,Cauliflower,"	Plant Protection	",CAULIFLOWER GROWTH,APPLY MULTIVITAMIN,cauliflower growth
248,49,Onion,"	Plant Protection	",ONION LEAF YELLOWING,SPRAY CARBENDAZIM 2 GRAM/LITRE OF WATER,onion leaf yellowing
250,51,Wheat,"	Plant Protection	",U.S.S.D SEVA ACTIVATION-*491*103#,U.S.S.D SEVA ACTIVATION-*491*103#,u.s.s.d seva activation-*491*103#
251,55,Lentil (Masur),"	Plant Protection	",Growth Delay,Spray boomflower @ 2 ml in 1 litre of water,growth delay
252,56,Lentil (Masur),"	Plant Protection	",FUNGAL EFFECT,Spray mancozeb  @ 2 ml in 1 litre of water,fungal effect
253,59,Bhindi(Okra/Ladysfinger),"	Plant Protection	",Insect infestation,Spray Fesolone or asefet or carbaril @ 2 ml in 1 litre of water,insect infestation
254,61,Mustard,"	Plant Protection	",Insect problem,Spray Imidachloroprid 1 ml/3lit of water,insect problem
255,64,Others,"	Plant Protection	",YELLOWING OF LEAF IN WHEAT,SPRAY ZINCSULPHATE @ 1 ML + UREA @ 3 GM / LIT OF WATER,yellowing of leaf in wheat
256,67,Potato,"	Plant Protection	",frost effect in potato,mencozeb 2gm in 1lit water,frost effect in potato
257,69,Wheat,"	Plant Protection	",Yellowing of leaves,SPRAY MANCOZEB 2 GRAM/LITRE OF WATER,yellowing of leaves
258,71,Potato,"	Plant Protection	",ATTACK OF BLIGHT IN POTATO,SPRAY ENDOFIL M-45 @ 1.5 + REDOMIL @ 1 GM / LIT OF WATER,attack of blight in potato
259,72,Wheat,"	Plant Protection	",WEED MANAGEMENT,HAND WEEDING THEN IRRIGATE IT,weed management
260,73,Wheat,"	Plant Protection	",RODENTICIDE,APPLY ZINC PHOSPHIDE,rodenticide
261,75,Others,"	Plant Protection	",ATTACK OF FUNGUS IN POTATO,SPRAY ENDOFIL M-45 @ 21.5 GM + RADOMIL @ 1 GM / LIT OF WATER,attack of fungus in potato
262,76,Tomato,"	Plant Protection	",about cold prevention,no spray required,about cold prevention
263,77,Tomato,"	Plant Protection	",about spraying of any insecticide,not required now,about spraying of any insecticide
264,79,Wheat,"	Plant Protection	",Yellowing of leaves,SPRAY MANCOZEB 2 GRAM/LITRE OF WATER,yellowing of leaves
265,80,Cauliflower,"	Plant Protection	",fungel effect,copper oxychloride 2gm/1lit water,fungel effect
266,81,Cauliflower,"	Plant Protection	",pest problem,diemethoate 1.5 ml/lit water,pest problem
267,83,Carrot,"	Plant Protection	",nutritional problem,suhaga 100 gm,nutritional problem
268,84,Lentil (Masur),"	Plant Protection	",WILT PROBLEM IN LENTIL,USE TRICHODERMA 1KG/100 KG FYM FOR 1 HECTARE,wilt problem in lentil
270,91,Others,"	Plant Protection	",Delay in growth,Spray boomflower @ 2 ml / lt of water,delay in growth
271,93,Cauliflower,"	Plant Protection	",COLD ATTACK ON CAULIFLOWER,SPRAY SAAF 2 GRAM/LITRE OF WATER,cold attack on cauliflower
272,98,Onion,"	Plant Protection	",Fungal attack on Onion,SPRAY COPPER OXY CHLORIDE 2 GRAM/LITRE OF WATER,fungal attack on onion
273,103,Maize (Makka),"	Plant Protection	",ATTACK OF STEM BORER IN MAIZE,SPRAY METASYSTOX @ 2ML / LIT OF WATER,attack of stem borer in maize
274,107,Lentil (Masur),"	Plant Protection	",APHID ATTACK IN LENTIL,SPRAY IMIDACHLOPRID 1ML/3LITRE WATER,aphid attack in lentil
275,112,Brinjal,"	Plant Protection	",Fungal attack on Brinjal,Spray mancozeb @ 2g/lit of water,fungal attack on brinjal
276,118,Others,"	Plant Protection	",Insect problem,Spray CYPERMETHRIN @ 2 ml in 1 litre of water,insect problem
277,119,Pea (Vegetable),"	Plant Protection	",Powdery mildew  in pea,Spray inorganic sulphur 0.25% or Dinocap 0.1% 3 or 4 times at 15 days interval,powdery mildew  in pea
278,120,Wheat,"	Plant Protection	",cultivation of mushroom,cultivation of mushroom -consult Dr. Daya Ram 9430464088 Rau Pusa Samastipur,cultivation of mushroom
279,122,Potato,"	Plant Protection	",GROWTH REGULETER,SPRAY MIRACULAN @ 1ML/LIT OF WATER,growth reguleter
280,123,Wheat,"	Plant Protection	",FUNGAL EFFECT,SPRAY MANCOZEB 2 GRAM/LITRE OF WATER,fungal effect
281,126,Brinjal,"	Plant Protection	",For cultivation of mushroom,For cultivation of mushroom -consult Dr. Daya Ram 9430464088 Rau Pusa Samastipur,for cultivation of mushroom
282,129,Mustard,"	Plant Protection	",insect problem in mustard,spray traizophas[40 ec] @2 mili/litr of water,insect problem in mustard
283,136,Others,"	Plant Protection	",WEATHER,CLOUDY,weather
284,138,Wheat,"	Plant Protection	",Yellowing of wheat,Spray mancozeb @ 2g/lit of water,yellowing of wheat
285,150,Potato,"	Plant Protection	",U.S.S.D SEVA ACTIVATION-,U.S.S.D SEVA ACTIVATION-*491*103#,u.s.s.d seva activation-
288,154,Bitter Gourd,"	Plant Protection	",Best variety of bitter guard-,Best variety of bitter guard- pusa does mausami  pusa vesesh,best variety of bitter guard-
290,158,Wheat,"	Plant Protection	",For USSD service activation please dial  *491*103#,For USSD service activation please dial  *491*103#,for ussd service activation please dial  *491*103#
291,159,Wheat,"	Plant Protection	",fungus problem,spray saff @ 2 gm/lt of water,fungus problem
292,161,Mango,"	Plant Protection	",FRUIT SHADING,Spray Planofix 1ml in 5 lit of water.,fruit shading
293,162,Aonla,"	Plant Protection	",FRUIT SHADING,Spray Planofix 1ml in 5 lit of water.,fruit shading
294,166,Pomegranate,"	Plant Protection	",fertilizer use in pomegranate,urea dap mop @100 gram/plant  multyplex micronutrient @200 gram compost @8-10 kg/plant,fertilizer use in pomegranate
295,168,Mango,"	Plant Protection	",Insect attack on Mango,Spray Neem Oil 1500 ppm @ 2ml/ liter of water,insect attack on mango
296,171,Mustard,"	Plant Protection	",aphids infestation,Spray Chlorpyriphos @ 2 ml/lt of water,aphids infestation
297,173,Bail,"	Plant Protection	",Insect infestation,Spray malathion @ 2 gram in 1 litre of water,insect infestation
298,174,Mango,"	Plant Protection	",gummosis in mango,Application of copper sulphate 500g in the sandy soil around the tree trunk is,gummosis in mango
,,,,,,
300,176,Wheat,"	Plant Protection	",Insect infestation,Spray malathion @ 2 gram in 1 litre of water,insect infestation
301,178,Wheat,"	Plant Protection	",yellowing leaf  of wheat,spray mencozeb @2 gram/litr of water,yellowing leaf  of wheat
302,182,Wheat,"	Plant Protection	",yellowing leaf of wheat crop,spray mencozeb @2 gram/litr of water,yellowing leaf of wheat crop
303,187,Tomato,"	Plant Protection	",leaf curl in tomato,Spray imidachloprid s @ 1 ml in 3 liter of water,leaf curl in tomato
304,194,Others,"	Plant Protection	",Yellowing of leaves,Spray mencozeb @ 2g/lit of water,yellowing of leaves
305,198,Wheat,"	Plant Protection	",leaf yellowing in Wheat,Spray mancozeb @ 2g/lit of water,leaf yellowing in wheat
306,203,Potato,"	Plant Protection	",JHULSA IN POTATO,MENCOZEB 2GM/1 LIT WATER,jhulsa in potato
307,204,Brinjal,"	Plant Protection	",ATTACK OF INSECT IN BRINJAL,SPRAY METASYSTOX @ 2 ML / LIT OF WATER,attack of insect in brinjal
308,208,Wheat,"	Plant Protection	",INFORMATION ABOUT APPLICATION OF FERTILIZER IN WHEAT,APPLY UREA @ 2KG / KHATTA AFTER SUPPLY IRRIGATION,information about application of fertilizer in wheat
309,210,Brinjal,"	Plant Protection	",Fruit cracking IN CITRUS,Spray Borax @ 2gm/lit of water,fruit cracking in citrus
310,212,Pomegranate,"	Plant Protection	",Fruit cracking,Spray Borax @ 2gm/lit of water,fruit cracking
311,213,Mango,"	Plant Protection	",FRUIT SHADING,Spray Planofix 1ml in 5 lit of water.,fruit shading
312,215,Peas (field peas/ garden peas/matar),"	Plant Protection	",wilt problem,Soil drenching with Copper oxychloride 2 to 2.5gm/litre of water,wilt problem
313,216,Mango,"	Plant Protection	",stem borer,Coal tar + Kerosene @ 1:2 or Carbaryl or carbofuran 3G 5 g per hole and plug with mud.,stem borer
314,222,Mango,"	Plant Protection	",FRUIT SHADING   in mango,Spray planofix 1ml in 5 lit of water.,fruit shading   in mango
315,232,Potato,"	Plant Protection	",Early blight,spraying Mancozeb 2 g/lit or Chlorothalonil 2 g/lit at 45  60 and 75 days after planting.,early blight
316,235,Wheat,"	Plant Protection	",yellowing leaf of wheat,spray mencozeb @2 gram/litr of water,yellowing leaf of wheat
318,242,Wheat,"	Plant Protection	",U.S.S.D SEVA ACTIVATION-*491*103#,U.S.S.D SEVA ACTIVATION-*491*103#,u.s.s.d seva activation-*491*103#
319,243,Mango,"	Plant Protection	",FRUIT SHADING in mango,FRUIT SHADING in mango Spray planofix 1ml in 5 lit of water.,fruit shading in mango
321,247,Wheat,"	Plant Protection	",U.S.S.D SEVA ACTIVATION-*491*103#,U.S.S.D SEVA ACTIVATION-*491*103#,u.s.s.d seva activation-*491*103#
323,251,Mango,"	Plant Protection	",FRUIT SHADING   in mango,Spray planofix 1ml in 5 lit of water.,fruit shading   in mango
324,255,Mango,"	Plant Protection	",Growth Delay,Spray boomflower @ 2 ml in 1 litre of water,growth delay
325,258,Brinjal,"	Plant Protection	",fruit borer in tomato,spray imdiachloropid 1ml/3lit of water for brinjal,fruit borer in tomato
326,259,Maize (Makka),"	Plant Protection	",Insect infestation/. Insect in maze at stage of 2-3leaf stage,Spray deltamethlene @0.001g/l water,insect infestation/. insect in maze at stage of 2-3leaf stage
327,260,Maize (Makka),"	Plant Protection	",Insect attack on Maize,dusting Malathion 5 D @25 kg/ha,insect attack on maize
328,264,Mango,"	Plant Protection	",Insect attack on Mango,Spray Neem Oil 1500 ppm @ 2ml/ liter of water,insect attack on mango
329,269,Leafy Vegetable,"	Plant Protection	",flowering problem,Spray boomflower @ 2 ml in 1 litre of water,flowering problem
330,275,Tomato,"	Plant Protection	",Growth Delay,Spray boomflower @ 2 ml in 1 litre of water,growth delay
331,276,Bottle Gourd ,"	Plant Protection	",fungus problem,spray mencozeb @ 2 gm/lt of water,fungus problem
332,290,Toria,"	Plant Protection	",aphids infestation,spray chlorpyriphos 1.5ml/litre of water,aphids infestation
333,292,Potato,"	Plant Protection	",COLD ATTACK ON POTATO,SPRAY MANCOZEB 2 GRAM/LITRE OF WATER,cold attack on potato
334,293,Wheat,"	Plant Protection	",yellowing leaf of wheat crop,spray mencozeb @2 gram/litr of water,yellowing leaf of wheat crop
335,295,Wheat,"	Plant Protection	",YELLOWING OF LEAVES,SPRAY COPPER OXY CHLORIDE 2 GRAM/LITRE OF WATER,yellowing of leaves
336,297,Mango,"	Plant Protection	",insect control,spray Monocrotophos @ 1.5 ml/lit of water,insect control
337,299,Tomato,"	Plant Protection	",ATTACK OF FUNGUS IN TOMATO,SPRAY COPPEROXYCHOLORIDE @ 2GM / LIT OF WATER,attack of fungus in tomato
338,307,Mango,"	Plant Protection	",problem in mango tree,spray monocrotophas [36%ec] @1 mili/litr of waetr,problem in mango tree
340,313,Onion,"	Plant Protection	",EXCEESIVE GROWTH PROBLEM,36 SPRAY LEHOSEEN @1ML/5LIT OF WATER,exceesive growth problem
341,320,Bhindi(Okra/Ladysfinger),"	Plant Protection	",DELAY IN GROWTH,SPRAY BOOMFLOWER 2 ML/LITRE OF WATER,delay in growth
342,325,Bottle Gourd ,"	Plant Protection	",Yellowing of leaves /Rotting problem,Spray copper oxychloride @ 2 gram in 1 litter of water,yellowing of leaves /rotting problem
343,327,Papaya,"	Plant Protection	",Variety of papaya,???? ???????  ?? ? 5  ??????  ????? ?? ????- 1.6 x1.4 ????,variety of papaya
344,330,Mango,"	Plant Protection	",anthracenose in mango,coper oxychloride 2gm/1lit water,anthracenose in mango
345,331,Tomato,"	Plant Protection	",White flies in tomato crop,Spray metasistox @1ml/liter water,white flies in tomato crop
346,332,Mango,"	Plant Protection	",growth regulator,NAA @ 20 ppm is sprayed at flowering to increase the fruit retention.  During February 0.5% Urea (5 g/lit.) or 1% Potassium Nitrate (10g/lit.) may be sprayed to induce flowering  if trees do not flower by that time. Spraying of 2% KNO3 at mustard size will increase the fruit set and retention of fruits.,growth regulator
,,,,,,
348,333,Mango,"	Plant Protection	",ATTACK OF FUNGUS IN MANGO PLANT,SPRAY CARBENDAZIM @ 2 GM/ LIT OF WATER,attack of fungus in mango plant
349,335,Tomato,"	Plant Protection	",White flies in tomato crop,Spray metasistox @1ml/liter waterite flies in tomato crop,white flies in tomato crop
350,336,Mango,"	Plant Protection	",growth in mango,NAA @ 20 ppm is sprayed at flowering to increase the fruit retention.  During February 0.5% Urea (5 g/lit.) or 1% Potassium Nitrate (10g/lit.) may be sprayed to induce flowering  if trees do not flower by that time. Spraying of 2% KNO3 at mustard size will increase the fruit set and retention of fruits.,growth in mango
,,,,,,
353,338,Wheat,"	Plant Protection	",For ussd dial *491*103#,For ussd dial *491*103#,for ussd dial *491*103#
354,342,Mango,"	Plant Protection	",Yellowing of leaves/fungal problem,Spray copper oxy chloride @ 3 gm in one litter of water,yellowing of leaves/fungal problem
355,343,Mango,"	Plant Protection	",Insect problem in mango,Spray imidachloprid s @ 1 ml in 3 liter of water,insect problem in mango
356,344,Others,"	Plant Protection	",To activate USSD service dial - *491*103#,To activate USSD service dial - *491*103#,to activate ussd service dial - *491*103#
357,345,Wheat,"	Plant Protection	",YELLOWING IN WHEAT,5 GM ZINC+10 GM UREA IN 1LIT WATER,yellowing in wheat
358,347,Potato,"	Plant Protection	",blight in  potato,Spray mancozeb  @ 2 ml in 1 litre of water,blight in  potato
359,348,Wheat,"	Plant Protection	",better flowering in mansur,sprey of boomflower@2ml/lit water for better flowering in mansur,better flowering in mansur
360,349,Lentil (Masur),"	Plant Protection	",APHID,Spray malathion @ 2 gram in 1 litre of water,aphid
361,350,Lentil (Masur),"	Plant Protection	",growth regulator,Spray Boomflower @ 2 ml in 1 litre of water,growth regulator
362,351,Wheat,"	Plant Protection	",YELLOWING OF LEAVES,Spray mancozeb @ 2g/lit of water,yellowing of leaves
363,354,Litchi,"	Plant Protection	",YELLOWING OF LEAVES,SPRAY COPPER OXY CHLORIDE 2 GRAM/LITRE OF WATER,yellowing of leaves
364,355,Lentil (Masur),"	Plant Protection	",ATTACK OF FUNGUS IN LENTIL,SPRAY MALATHION @ 2 GM / LIT OF WATER,attack of fungus in lentil
365,362,Citrus,"	Plant Protection	",DELAY IN FLOWERINF AND FRUITING,SPRAY PLANOFIX 1ML/4LITRE WATER,delay in flowerinf and fruiting
366,364,Mango,"	Plant Protection	",fungal infection,Spray mancozeb @ 2g/lit of water,fungal infection
367,370,Brinjal,"	Plant Protection	",Shoot and fruit borer,"spray Triazophos 40 % EC	2.5 ml/lit water",shoot and fruit borer
368,373,Mango,"	Plant Protection	",MANGO PLANT WASH,Spray mencozeb @ 2g/lit of water,mango plant wash
369,376,Others,"	Plant Protection	",SOIL TETSING,CONTATC KVK AND BLOCK,soil tetsing
370,378,Jamun,"	Plant Protection	",Farmer wants to know dial no. for start USSD service on his mobile?,Dial *491*103# this no. for activation of USSD service.,farmer wants to know dial no. for start ussd service on his mobile?
371,381,Wheat,"	Plant Protection	",For USSD service activation please dial  *491*103#,For USSD service activation please dial  *491*103#,for ussd service activation please dial  *491*103#
372,382,Onion,"	Plant Protection	",Weed management in onion,Weed management in onion- spray oxy phlorophen @1.5 ml in 1 litre of water,weed management in onion
373,383,Brinjal,"	Plant Protection	",FRUIT BORER IN BRINJAL,SPRAY IMDIACHLOROPID 1ML/3LIT OF WATER,fruit borer in brinjal
374,384,Potato,"	Plant Protection	",yellowing leaf of potato,spray mencozeb @2 gram/litr of water,yellowing leaf of potato
375,389,Potato,"	Plant Protection	",Application of fertilizers,Apply 15 t/ha of FYM and 2 kg each of Azospirillum and Phosphobacterium as basal and 120 kg N  240 kg P and 120 kg K/ha in two splits; half as basal and the balance for top dressing on 30 days after sowing.  Apply Magnesium sulphate at 60 kg/ha as basal dose.,application of fertilizers
376,391,Mango,"	Plant Protection	",about spray,spray chloropyriphos 1ml/litre of water,about spray
377,393,Mango,"	Plant Protection	",spray mango,spray imidachloroprid @ 1 ml./3lt. of water.,spray mango
379,396,Lentil (Masur),"	Plant Protection	",aphid attack on mansur,sprey of imidachloropid@1ml/3 lit water for control of aphid attack on mansur,aphid attack on mansur
380,397,Mango,"	Plant Protection	",pest atatck on mango,DIMETHOATE @2ML/LITER PANI ME MILaakr upyog kare,pest atatck on mango
381,402,Others,"	Plant Protection	",flower dropping problem in mango,SPRAY PLANOFIX 1 ML/4.5LITRE OF WATER,flower dropping problem in mango
382,403,Wheat,"	Plant Protection	",For USSD service activation,For USSD service activation please dial  *491*103#,for ussd service activation
383,404,Others,"	Plant Protection	",For USSD service activation,For USSD service activation please dial  *491*103#,for ussd service activation
384,406,Onion,"	Plant Protection	",for proper growth of onion,multi vitamin namak dawa 2gram/liter [pani me milaakar upyog kare,for proper growth of onion
385,409,Green Gram (Moong Bean/ Moong),"	Plant Protection	",Rotting of stem,SPRAY COPPEROXYCLORIDE @ 2ML IN 1 LITRE + STEPTOCYCLENE @1 ML IN 15 LITRE OF LITRE OF WATER,rotting of stem
386,412,Mango,"	Plant Protection	",irrigation in mango,during flowering slight irrigation must be given,irrigation in mango
387,425,Wheat,"	Plant Protection	",For ussd dial *491*103#,For ussd dial *491*103#,for ussd dial *491*103#
388,427,Wheat,"	Plant Protection	",seed treatment,You treated your seed with capton  bavistin and thirum @ 2-2.5 gram per kg of seed,seed treatment
389,429,Wheat,"	Plant Protection	",For ussd dial *491*103#,For ussd dial *491*103#,for ussd dial *491*103#
391,431,Potato,"	Plant Protection	",Weed problem in potato,`Weed problem in potato,weed problem in potato
392,,,,,,
394,433,Wheat,"	Plant Protection	",For ussd dial *491*103#,For ussd dial *491*103#,for ussd dial *491*103#
395,434,Wheat,"	Plant Protection	",Weed problem in wheat -,Weed problem in wheat - Spray metasulfuron @ 8 gram in 300 liter of water after 30 to 35 days after sowing,weed problem in wheat -
396,438,Mango,"	Plant Protection	",YELLOWING OF LEAVES,SPRAY COPPER OXY CHLORIDE 2 GRAM/LITRE OF WATER,yellowing of leaves
397,439,Mango,"	Plant Protection	",insect problem,Spray Imidacloprid @ 1 ml in 3 litre of water,insect problem
399,442,Mustard,"	Plant Protection	",APHID PROBLEM,SPRAY IMIDACHLORPRID @ 1 ML/3LT OF WATER,aphid problem
400,445,Bhindi(Okra/Ladysfinger),"	Plant Protection	",Insect infestation,Spray Chlorpyrifos @ 2 ml in 1 litre of water,insect infestation
401,446,Bottle Gourd ,"	Plant Protection	",DELAY IN GROWTH,SPRAY BOOMFLOWER 2 ML/LITRE OF WATER,delay in growth
402,447,Lentil (Masur),"	Plant Protection	",blight in lentil,spray mancozeb 2gm/litre water,blight in lentil
403,448,Tomato,"	Plant Protection	",leal curling problem,Spray Imidachloprid 1ml/2litre of water,leal curling problem
404,450,Wheat,"	Plant Protection	",how to protect from westerly wind,no measures  to control,how to protect from westerly wind
405,451,Mango,"	Plant Protection	",for good flowering,spray boomflower 2ml/litre of water,for good flowering
406,452,Coriander,"	Plant Protection	",proper growth,spray multimicronutrient 2ml/ltre of water,proper growth
407,453,Litchi,"	Plant Protection	",about spraying,spray any insecticide like chlorpyriphos @ 1ml/litre of water  and  then planofix @1ml/4.5litre of water,about spraying
408,457,Others,"	Plant Protection	",farmers registration,farmers registration - www.krishimis.in,farmers registration
409,459,Wheat,"	Plant Protection	",Yellowing of leaves /Rotting problem,Spray mancozeb @ 2g/lit of water,yellowing of leaves /rotting problem
410,463,Mango,"	Plant Protection	",Insect attack on Mango,Spray Neem Oil 1500 ppm @ 2ml/ liter of water,insect attack on mango
411,467,Onion,"	Plant Protection	",problem in onion crop,spray copperoxycloride @2 gram/litr of water,problem in onion crop
412,469,Mango,"	Plant Protection	",FUNGISIDE,Spray mancozeb @ 2g/lit of water,fungiside
413,470,Mango,"	Plant Protection	",Insect problem,Spray Imidachloroprid 1 ml/3lit of water,insect problem
414,472,Mango,"	Plant Protection	",ATTACK OF INSECT IN MANGO,SPRAY IMIDACHOLOROPYRID  @ 1 ML / 3 LIT OF WATER,attack of insect in mango
415,473,Mango,"	Plant Protection	",ATTACK OF FUNGUS IN MANGO,SPRAY MANCOZIB @ 2 GM / LIT OF WATER,attack of fungus in mango
416,479,Mango,"	Plant Protection	",fungal problem in mango,sprey of cupperoxychloride@3g/lit water for control of fungal problem in mango,fungal problem in mango
419,489,Others,"	Plant Protection	",WEATHER,CLOUDY,weather
420,490,Lentil (Masur),"	Plant Protection	",APHID PROBLEM,SPRAY IMIDACHLORPRID @ 1 ML/3 LT OF WATER,aphid problem
421,492,Mango,"	Plant Protection	",FRUIT SHADING   in mango,Spray planofix 1ml in 5 lit of water.,fruit shading   in mango
422,493,Tomato,"	Plant Protection	",ATTACK OF BLIGHT IN TOMATTO,SPRAY COPPEROXYCHOLORIDE @ 2 GM / LIT OF WATER,attack of blight in tomatto
423,495,Papaya,"	Plant Protection	",Powdery mildew OF PAPAYA,SPRAY WETTABLE SULPHUR 2 GRAM/LITRE OF WATER,powdery mildew of papaya
424,498,Jack Fruit,"	Plant Protection	",Rhizopus rot,Spray 1 % Bordeaux mixture or Copper oxychloride 2.5 g/lit. Three sprays must be given at 15 days interval.,rhizopus rot
426,505,Wheat,"	Plant Protection	",For USSD service activation please dial  *491*103#,For USSD service activation please dial  *491*103#,for ussd service activation please dial  *491*103#
427,509,Mango,"	Plant Protection	",FRUIT SHADING   in mango/litchi,Spray planofix 1ml in 5 lit of water.,fruit shading   in mango/litchi
428,513,Others,"	Plant Protection	",pusa samastipur m no.,0612-2217626/2217468/2217626 pusa agriculture university,pusa samastipur m no.
429,514,Mango,"	Plant Protection	",insect,Spray quinqalphos @ 2ml/lit of water,insect
430,515,Mango,"	Plant Protection	",Insect infestation,Spray Imidachloprid @ 1ml/3 lit of water,insect infestation
431,516,Mango,"	Plant Protection	",fungal effect,Spray Mancozeb @ 2g/lit of water,fungal effect
432,522,Bengal Gram (Gram/Chick Pea/Kabuli/Chana),"	Plant Protection	",termite,Spray Chlorpyrifos @ 2 ml in 1 litre of water,termite
433,527,Bail,"	Plant Protection	",flower/fruit dropping in bail plnat,SPRAY PLANOFIX 1 ML/4LITRE OF WATER flower/fruit dropping in bail plnat,flower/fruit dropping in bail plnat
434,529,Tomato,"	Plant Protection	",Tomato spotted wilt disease,spray imidacloropid @1 mili/3 litr of water,tomato spotted wilt disease
436,535,Wheat,"	Plant Protection	",insect attack in wheat,spray karen dimethoaten @ 2ml/lt,insect attack in wheat
437,536,Mango,"	Plant Protection	",Insect infestation,Spray imidachloprid @ 1ml/3 lit of water,insect infestation
438,537,Mango,"	Plant Protection	",FUNGISIDE,Spray mancozeb @ 2g/lit of water,fungiside
439,538,Mango,"	Plant Protection	",flower dropping problem in mango,SPRAY PLANOFIX 1 ML/4.5LITRE OF WATER,flower dropping problem in mango
440,546,Wheat,"	Plant Protection	",Weed management in Bengal gram,??????  ?????????????  @  ?  ??.???? /???? ???? ???  ???? ??,weed management in bengal gram
441,548,Brinjal,"	Plant Protection	",FUNGAL PROBLEM./yellowing of leaves.,"•	Spray copper oxychloride @ 2g/ litre of water",fungal problem./yellowing of leaves.
442,549,Wheat,"	Plant Protection	",USSD ke liye,USSD ke liye-Dial karein *491*103#,ussd ke liye
443,556,Bottle Gourd ,"	Plant Protection	",YELLOWING OF LEAVES,SPRAY COPPER OXY CHLORIDE 2 GRAM/LITRE OF WATER,yellowing of leaves
444,557,Mango,"	Plant Protection	",Insect attack on Mango,Spray Neem Oil 1500 ppm @ 2ml/ liter of water,insect attack on mango
445,558,Mango,"	Plant Protection	",Anthracnose and stalk end-rot,Pre-harvest spraying of Mancozeb 2g/lit or Carbendazim 1g/lit or Thiophanate methyl 1g/lit or Chlorothalonil 2 g/lit  3 times at 15 days interval will control anthracnose and stalk end-rot.,anthracnose and stalk end-rot
446,562,Onion,"	Plant Protection	",Application of fertilizers,Apply FYM 25 t/ha  Azospirillum 2 kg and Phosphobacteria 2 kg/ha  N 50 kg  P 150 kg and K 75 kg/ha as basal dose and N 50 kg/ha as top-dressing is done at 30 days after planting. Apply Zinc sulphate as basal dose @ 50 kg/ha at the time of last ploughing.,application of fertilizers
447,565,Mango,"	Plant Protection	",ATTACK OF STEM BORER IN MANGO,APPLICATION WITH MALATHION @ 100 GM IN 1 LIT OF PETROL AND USE IN EFFECTED PART OF PLANT,attack of stem borer in mango
448,566,Tomato,"	Plant Protection	",Fungal attack on Tomato,Spray mancozeb @ 2g/lit of water,fungal attack on tomato
449,569,Cabbage,"	Plant Protection	",PEST CABBAGE IN CABBAGE,QUINOLPHOS@2ML/LITER PANI ME MILAAKAR UPYOG KARE,pest cabbage in cabbage
450,575,Pointed Gourd,"	Plant Protection	",NEMADODE PROBLEM IN PARWAL,USE FURADON,nemadode problem in parwal
451,580,Pigeon pea (red gram/arhar/tur),"	Plant Protection	",pode borer in arhar,Spray Quinolphos @ 1 ml in one litter of water,pode borer in arhar
452,583,Mango,"	Plant Protection	",Insect infestation,Spray imidachloprid @ 1ml/3 lit of water,insect infestation
453,586,Mango,"	Plant Protection	",INSECT PROBLEM IN MANGO IN MANJAR,SPRAY IMDIACHLOROPID 1ML/3LIT OF WATER FOR MANGO,insect problem in mango in manjar
454,587,Tomato,"	Plant Protection	",Bacterial Leaf Spot in Tomato,•Spraying with a combination of copper and organic fungicides in a regular preventative spray program at 5 to 10 day intervals or Spraying with Agrimycin-100 (100 ppm) thrice at 10 days intervals effectively controls the disease.,bacterial leaf spot in tomato
455,588,Others,"	Plant Protection	",flowering problem,spray boomflower 2ml/litre of water,flowering problem
456,589,Mango,"	Plant Protection	",flower shedding problem,spray planofix 1ml/4.5litre of water,flower shedding problem
457,592,Litchi,"	Plant Protection	",LITCHI FLOWERING,SPRAY CARBENDAZIM & ROGAR 2 GRAM/LITRE OF WATER,litchi flowering
458,595,Mustard,"	Plant Protection	",insect attack on mustard,spray metasystox 2 gram/litre of water,insect attack on mustard
459,596,Brinjal,"	Plant Protection	",Insect attack on Brinjal,Spray quinolphos @ 2 ml in 1 litre of water,insect attack on brinjal
460,601,Rajma (french bean),"	Plant Protection	",aphid attack in aphid,boomflower @ 2ml/lt,aphid attack in aphid
461,606,Chillies,"	Plant Protection	",Leaf curl disease in chili,Spray carbaril @ 2 gram in 1 litter of water.,leaf curl disease in chili
462,607,Mango,"	Plant Protection	",FRUIT DROPING,SPRAY PLANOFIX @ 1 ML/LT OF WATER,fruit droping
463,609,Mango,"	Plant Protection	",essential elements for healthy plant growth.,DHANZYME GOLD contains essential elements for healthy plant growth.g. Oxygens  Cytokinin  Hydrolysed protein complexes  Enzymes  Gibrelin  Amino-acids and many other minerals which enhance the crop yields as well as its quantity.,essential elements for healthy plant growth.
464,612,Mint,"	Plant Protection	",VARIETIES OF MINT,KALKA  KOSHI   HIMALAY,varieties of mint
465,614,Mango,"	Plant Protection	",FRUIT SHADING   in MANGO,Spry planofixa 1ml in 5 lit of water.,fruit shading   in mango
466,617,Onion,"	Plant Protection	",Application of fertilizers,Application of fertilizers,application of fertilizers
,,,,,,
468,618,Wheat,"	Plant Protection	",Insect attack on Wheat,Spray imidachloprid @ 1ml/3 lit of water,insect attack on wheat
469,619,Maize (Makka),"	Plant Protection	",FUNGUS ATTACK IOM MAIZE PLANT,SPRAY TRICYCLAZOLE 2ML/LITRE WATER,fungus attack iom maize plant
470,622,Wheat,"	Plant Protection	",Insect attack on Wheat,Spray imidachloprid @ 1ml/3 lit of water,insect attack on wheat
471,626,Mango,"	Plant Protection	",MANGO HOPPER,SPRAY MALATHION 2ML/LITRE WATER,mango hopper
472,627,Potato,"	Plant Protection	",late blight of potato,mancozeb @ 2gm/lt,late blight of potato
473,628,Pointed Gourd,"	Plant Protection	",pointed guard cultivation,dimethoate @ 10 gm/tree,pointed guard cultivation
474,631,Maize (Makka),"	Plant Protection	",VARIETY OF MAIZE,SHAKTIMAN 5,variety of maize
475,633,Bhindi(Okra/Ladysfinger),"	Plant Protection	",Insect infestation,Spray chlorpryphos @ 2ml/lit of water,insect infestation
476,635,Tomato,"	Plant Protection	",Yellowing of leaves /Rotting problem in Tomato,Spray copper oxychloride @ 2 gram in 1 litter of water in Tomato field.,yellowing of leaves /rotting problem in tomato
477,637,Tomato,"	Plant Protection	",Fruit Borer in Tomato,Spray quinqalphos @ 2ml/lit of water in Tomato field.,fruit borer in tomato
478,643,Lethyrus,"	Plant Protection	",APHID PROBLEM,Spray imidachloprid @ 1ml/3 lit of water,aphid problem
479,645,Mango,"	Plant Protection	",INSECT PROBLEM,APPLY MALATHION @ 2 ML/LT OF WATER,insect problem
480,646,Brinjal,"	Plant Protection	",YELLOWING COLOR OF WHEAT,SPRAY MANCOZEB 2GRAM/LIT OF WATER,yellowing color of wheat
481,647,Mango,"	Plant Protection	",Insect infestation,Spray imidachloprid @ 1ml/3 lit of water,insect infestation
482,648,Mango,"	Plant Protection	",FUNGISIDE,Spray mancozeb @ 2g/lit of water,fungiside
483,649,Mango,"	Plant Protection	",flower dropping problem in mango,SPRAY PLANOFIX 1 ML/4.5LITRE OF WATER,flower dropping problem in mango
484,650,Mango,"	Plant Protection	",dahiya insect,spray rogar @ 10 ml/lt of water,dahiya insect
485,660,Mango,"	Plant Protection	",APPLICATION OF INSECTICIDE,NO SPRAY AT FLOWERING STAGE,application of insecticide
486,663,Wheat,"	Plant Protection	",Insect attack on Wheat,Spray imidachloprid @ 1ml/3 lit of water,insect attack on wheat
487,665,Mango,"	Plant Protection	",Darkening of leaves  reduced growth and vigour. Appearance of white  yellow or orange chlorotic spots in older leaves,Foliar spray of KCl 2% at fortnightly intervals,darkening of leaves  reduced growth and vigour. appearance of white  yellow or orange chlorotic spots in older leaves
489,673,Lentil (Masur),"	Plant Protection	",insect attack on Lentil,Spray imidachloprid @ 1ml/3 lit of water,insect attack on lentil
490,674,Others,"	Plant Protection	",YELLOWING OF WHEAT LEAVES,5 GM ZINC+ 10 GM UREA IN 1 LIT WATER,yellowing of wheat leaves
491,685,Mango,"	Plant Protection	",INSECT ATTACK ON MANGO,Spray methyl demeton or dimethoate @ 1 ml in one litter of water,insect attack on mango
492,686,Mango,"	Plant Protection	",Insect infestation,Spray imidachloprid @ 1ml/3 lit of water,insect infestation
493,687,Mango,"	Plant Protection	",flower dropping problem in mango,SPRAY PLANOFIX 1 ML/4.5LITRE OF WATER,flower dropping problem in mango
494,690,Others,"	Plant Protection	",For USSD service activation,For USSD service activation please dial *491*103#,for ussd service activation
495,693,Brinjal,"	Plant Protection	",drying problem,spray copper oxy chloride 2gm/litre of water,drying problem
496,699,Mango,"	Plant Protection	",Plant protection of Mango,Spray carbendazym + Dimethoate @ 2 gram in 1 litre of water on Mango tree.,plant protection of mango
497,703,Wheat,"	Plant Protection	",aphid problem,spray imidachlorprid @ 1 ml/3 lt of water,aphid problem
498,706,Others,"	Plant Protection	",weather,Currently,weather
499,707,Mango,"	Plant Protection	",insect problem,spray dimethoate @ 10 ml/10 lt of water,insect problem
500,710,Wheat,"	Plant Protection	",Insect attack in Wheat,Spray Imidachloroprid @ 1ml/3lit of water in Wheat crop.,insect attack in wheat
501,712,Mango,"	Plant Protection	",ATTACK OF APHID IN MANGO,SPRAY METASYSTOX @  2 ML / LIT OF WATER,attack of aphid in mango
502,719,Wheat,"	Plant Protection	",aphid attack in aphid,dimethoate or methoate demeton @ 2ml/lt,aphid attack in aphid
503,721,Wheat,"	Plant Protection	",INSECT ATTACK ON WHEAT,Spray methyl demeton or dimethoate @ 1 ml in one litter of water,insect attack on wheat
504,723,Others,"	Plant Protection	",To activate USSD,To activate USSD service dial - *491*103#,to activate ussd
505,726,Litchi,"	Plant Protection	",litchi plant yellowing,apply borax 2 gram/litre,litchi plant yellowing
506,730,Mango,"	Plant Protection	",spray in mango,planofix 1 ml in 5 lit water,spray in mango
507,739,Mango,"	Plant Protection	",Insect problem,Spray carbaril @ 2 gram in 1 litte of water.,insect problem
509,741,Others,"	Plant Protection	",FUNGAL PROBLEM./yellowing of leaves,Spray copper oxychloride @ 2 gram in 1 litre of water,fungal problem./yellowing of leaves
510,746,Onion,"	Plant Protection	",FUNGUS PROBLEM,SPRAY BLITOX @ 2 GM/LT OF WATER,fungus problem
511,748,Brinjal,"	Plant Protection	",DELAY IN GROWTH,SPRAY BOOMFLOWER 2 ML/LITRE OF WATER,delay in growth
512,749,Mango,"	Plant Protection	",about mango insect control,spray karen dimethoate @ 3ml/lt,about mango insect control
513,751,Pointed Gourd,"	Plant Protection	",Fungal attack on Pointedgourd,SPRAY COPPER OXY CHLORIDE 2 GRAM/LITRE OF WATER,fungal attack on pointedgourd
514,752,Pea (Vegetable),"	Plant Protection	",Insect attack on Pea,Spray imidachloprid @ 1ml/3 lit of water,insect attack on pea
515,758,Onion,"	Plant Protection	",Fungal attack on Onion,SPRAY COPPER OXY CHLORIDE 2 GRAM/LITRE OF WATER,fungal attack on onion
516,760,Maize (Makka),"	Plant Protection	",aphid attack,spray chloropyriphos 1ml/litre water,aphid attack
517,761,Mango,"	Plant Protection	",spray in mango,planofix 1ml/5 lit water,spray in mango
518,765,Others,"	Plant Protection	",Rotting problem,Spray copper oxycloride @ 2 gram in 1 liter of water,rotting problem
519,770,Bhindi(Okra/Ladysfinger),"	Plant Protection	",Insect problem,Spray methyl demeton or dimethoate @ 1 ml in one litter of water,insect problem
